Frequency,Surprisingness_I,Surprisingness_II,II_Surprisingness_b, max_b_subpattern_num
3,5.33333,0,1,0
3,5.33333,0,1,0
3,5.33333,0,1,0
3,5.33333,0,1,0
3,5.33333,0,1,0
3,5.33333,0,1,0
3,5.33333,0,1,0
3,5.33333,0,1,0
3,5.33333,0,1,0
3,5.33333,0,1,0
3,5.33333,0,1,0
3,5.33333,0,1,0
3,5.33333,0,1,0
