Frequency,Surprisingness_I,Surprisingness_II,II_Surprisingness_b, max_b_subpattern_num
6,8.83333,0,1,0
6,8.83333,0,1,0
6,8.83333,0,1,0
6,8.83333,0,1,0
6,8.83333,0,1,0
6,8.83333,0,1,0
6,8.83333,0,1,0
6,8.83333,0,1,0
6,8.83333,0,1,0
6,8.83333,0,1,0
6,8.83333,0,1,0
6,8.83333,0,1,0
6,8.83333,0,1,0
6,8.83333,0,1,0
6,8.83333,0,1,0
4,6.86667,0,1,0
4,6.86667,0,1,0
4,6.86667,0,1,0
2,3.91667,0,1,0
